文件名,资源名称,资源版本,此版本更新时间,Mod ID,对应平台工程 ID,文件大小（字节）,文件路径
yet_another_config_lib_v3-3.9.4+26.1-fabric.jar,YetAnotherConfigLib (YACL),3.9.4+26.1-fabric,2026/06/04 下午 11:42:55,yet_another_config_lib_v3,1eAoo2KR,1121124,D:\.minecraft\versions\xiaozi craft 26.1.2\mods\yet_another_config_lib_v3-3.9.4+26.1-fabric.jar
voxy-0.2.16-beta.jar,voxy,0.2.16-beta,2026/05/25 下午 3:54:20,voxy,fxxUqruK,12639617,D:\.minecraft\versions\xiaozi craft 26.1.2\mods\voxy-0.2.16-beta.jar
vmp-fabric-mc26.1.2-0.2.0+beta.7.234-all.jar,Very Many Players (Fabric),0.2.0+beta.7.234+26.1.2,2026/04/09 下午 8:17:55,vmp,wnEe9KBa,412393,D:\.minecraft\versions\xiaozi craft 26.1.2\mods\vmp-fabric-mc26.1.2-0.2.0+beta.7.234-all.jar
vanilla-refresh-1.4.31.jar,Vanilla Refresh,1.4.31,2026/05/26 上午 12:46:42,mr_vanilla_refresh,gWO6Zqey,1162752,D:\.minecraft\versions\xiaozi craft 26.1.2\mods\vanilla-refresh-1.4.31.jar
undergroundbeacons-26.1.2-1.1.jar,Underground Beacons,1.1,2026/04/10 上午 6:16:44,undergroundbeacons,SMC0xf5E,31966,D:\.minecraft\versions\xiaozi craft 26.1.2\mods\undergroundbeacons-26.1.2-1.1.jar
transcendingtrident-26.1.2-5.0.jar,Transcending Trident,5.0,2026/04/10 上午 6:18:23,transcendingtrident,7GxZi46W,45080,D:\.minecraft\versions\xiaozi craft 26.1.2\mods\transcendingtrident-26.1.2-5.0.jar
TerraBlender-fabric-26.1.2-26.1.2.0.2.jar,TerraBlender,26.1.2.0.2,2026/05/06 上午 11:17:49,terrablender,kkmrDlKT,341127,D:\.minecraft\versions\xiaozi craft 26.1.2\mods\TerraBlender-fabric-26.1.2-26.1.2.0.2.jar
tectonic-3.0.22-fabric-26.1.jar,Tectonic,3.0.22,2026/04/10 下午 12:59:01,tectonic,lWDHr9jE,334248,D:\.minecraft\versions\xiaozi craft 26.1.2\mods\tectonic-3.0.22-fabric-26.1.jar
tcdcommons-5.3.1+fn-26.1.jar,TCDCommons API,5.3.1+fabric-26.1,2026/05/28 下午 4:06:50,tcdcommons,Eldc1g37,527893,D:\.minecraft\versions\xiaozi craft 26.1.2\mods\tcdcommons-5.3.1+fn-26.1.jar
superfastmath-0.0.4-26.1.2.jar,Super Fast Math,0.0.4-26.1.2,2026/04/11 下午 7:46:22,superfastmath,rIQr6J6I,2143607,D:\.minecraft\versions\xiaozi craft 26.1.2\mods\superfastmath-0.0.4-26.1.2.jar
sounds-2.5.0+lts+26.1.2-fabric.jar,Sounds,2.5.0+lts,2026/05/27 上午 8:47:20,sounds,ZouiUX7t,8316136,D:\.minecraft\versions\xiaozi craft 26.1.2\mods\sounds-2.5.0+lts+26.1.2-fabric.jar
SodiumExtraInformation-fabric-2.9.0.jar,Sodium Extra Information,2.9.0,2026/05/01 下午 12:57:37,sodiumextrainformation,696WgnvT,64206,D:\.minecraft\versions\xiaozi craft 26.1.2\mods\SodiumExtraInformation-fabric-2.9.0.jar
sclp-fabric-5.4-snapshot+mc26.1-local (1).jar,钠-汉化模组（Sodium Chinese Localization Mod）,5.4-snapshot+mc26.1-local,2026/04/25 上午 1:03:18,sclp,5vV6tCDu,151315,D:\.minecraft\versions\xiaozi craft 26.1.2\mods\sclp-fabric-5.4-snapshot+mc26.1-local (1).jar
ScalableLux-0.2.0+fabric.2b63825-all.jar,ScalableLux,0.2.0+fabric.2b63825,2026/03/23 下午 9:46:53,scalablelux,Ps1zyz6x,183504,D:\.minecraft\versions\xiaozi craft 26.1.2\mods\ScalableLux-0.2.0+fabric.2b63825-all.jar
PuzzlesLib-v26.1.9-mc26.1.x-Fabric.jar,Puzzles Lib,26.1.9,2026/05/30 下午 3:15:04,puzzleslib,QAGBst4M,1141747,D:\.minecraft\versions\xiaozi craft 26.1.2\mods\PuzzlesLib-v26.1.9-mc26.1.x-Fabric.jar
PrickleMC-fabric-MC26.1.2-26.1.2.3.jar,Prickle,26.1.2.3,2026/05/25 上午 8:59:56,prickle,aaRl8GiW,85174,D:\.minecraft\versions\xiaozi craft 26.1.2\mods\PrickleMC-fabric-MC26.1.2-26.1.2.3.jar
placeholder-api-3.0.0+26.1.jar,文本占位符 API (Text Placeholder API),3.0.0+26.1,2026/04/11 下午 3:52:55,placeholder-api,eXts2L7r,254376,D:\.minecraft\versions\xiaozi craft 26.1.2\mods\placeholder-api-3.0.0+26.1.jar
packetfixer-fabric-3.3.5-26.1.2.jar,Packet Fixer,3.3.5,2026/04/22 下午 10:20:39,packetfixer,c7m1mi73,30516,D:\.minecraft\versions\xiaozi craft 26.1.2\mods\packetfixer-fabric-3.3.5-26.1.2.jar
mru-1.0.28+lts+26.1-fabric.jar,M.R.U,1.0.28+lts+26.1,2026/03/25 上午 2:20:53,mru,SNVQ2c0g,94207,D:\.minecraft\versions\xiaozi craft 26.1.2\mods\mru-1.0.28+lts+26.1-fabric.jar
moreculling-fabric-26.1.1-1.7.1.jar,More Culling,1.7.1,2026/06/05 上午 6:31:25,moreculling,51shyZVL,361450,D:\.minecraft\versions\xiaozi craft 26.1.2\mods\moreculling-fabric-26.1.1-1.7.1.jar
modmenu-18.0.0-beta.1.jar,模组菜单 (Mod Menu),18.0.0-beta.1,2026/05/10 上午 5:31:00,modmenu,mOgUt4GM,855297,D:\.minecraft\versions\xiaozi craft 26.1.2\mods\modmenu-18.0.0-beta.1.jar
Mo-Glass-1.12-MC26.1.2.jar,Mo Glass,1.12-MC26.1.2,2026/04/09 下午 9:54:04,mo_glass,SI5mk2b6,553387,D:\.minecraft\versions\xiaozi craft 26.1.2\mods\Mo-Glass-1.12-MC26.1.2.jar
midnightlib-fabric-1.9.3+26.1.jar,MidnightLib,1.9.3,2026/05/03 上午 4:14:17,midnightlib,codAaoxh,59958,D:\.minecraft\versions\xiaozi craft 26.1.2\mods\midnightlib-fabric-1.9.3+26.1.jar
melody_fabric_1.0.16_MC_26.1.1.jar,Melody,1.0.16,2026/04/05 上午 3:55:13,melody,CVT4pFB2,228922,D:\.minecraft\versions\xiaozi craft 26.1.2\mods\melody_fabric_1.0.16_MC_26.1.1.jar
mcw-holidays-1.1.2-mc26.1fabric.jar,Macaw's Holidays,1.1.2,2026/03/27 上午 4:38:15,mcwholidays,rH20L2Lp,1070286,D:\.minecraft\versions\xiaozi craft 26.1.2\mods\mcw-holidays-1.1.2-mc26.1fabric.jar
malilib-fabric-26.1.2-0.28.6.jar,MaLiLib,0.28.6,2026/05/22 上午 11:36:56,malilib,GcWjdA9I,1911163,D:\.minecraft\versions\xiaozi craft 26.1.2\mods\malilib-fabric-26.1.2-0.28.6.jar
lsdc-fabric-6.0.0-snapshot+mc26.1-local.jar,Sodium/Embeddium Device Check 钠/铷-设备检测,6.0.0-snapshot+mc26.1-local,2026/04/02 上午 10:53:23,lsdc,6cp26sMV,354619,D:\.minecraft\versions\xiaozi craft 26.1.2\mods\lsdc-fabric-6.0.0-snapshot+mc26.1-local.jar
lithostitched-1.7.9-fabric-26.1.jar,Lithostitched,1.7.9,2026/05/28 下午 1:34:05,lithostitched,XaDC71GB,831090,D:\.minecraft\versions\xiaozi craft 26.1.2\mods\lithostitched-1.7.9-fabric-26.1.jar
letmedespawn-1.26.x-fabric-1.6.2.1.jar,Let Me Despawn,1.6.2,2026/04/19 下午 5:47:53,letmedespawn,vE2FN5qn,19143,D:\.minecraft\versions\xiaozi craft 26.1.2\mods\letmedespawn-1.26.x-fabric-1.6.2.1.jar
language-reload-1.7.6+26.1.jar,Language Reload,1.7.6+26.1,2026/03/25 上午 2:20:59,languagereload,uLbm7CG6,76914,D:\.minecraft\versions\xiaozi craft 26.1.2\mods\language-reload-1.7.6+26.1.jar
konkrete_fabric_1.10.2_MC_26.1.1.jar,Konkrete,1.10.2,2026/05/15 上午 3:44:23,konkrete,J81TRJWm,809836,D:\.minecraft\versions\xiaozi craft 26.1.2\mods\konkrete_fabric_1.10.2_MC_26.1.1.jar
IrisExtension-fabric-1.0.2-mc26.1.jar,Iris Extension,1.0.2,2026/03/29 下午 11:00:42,iris-extension,ReJLtXi4,107329,D:\.minecraft\versions\xiaozi craft 26.1.2\mods\IrisExtension-fabric-1.0.2-mc26.1.jar
iris-fabric-1.10.9+mc26.1.1.jar,Iris Shaders,1.10.9+mc26.1.1,2026/04/03 下午 10:29:01,iris,YL57xq9U,2803860,D:\.minecraft\versions\xiaozi craft 26.1.2\mods\iris-fabric-1.10.9+mc26.1.1.jar
ImmediatelyFast-Fabric-1.15.2+26.1.2.jar,ImmediatelyFast,1.15.2+26.1.2,2026/04/10 上午 3:36:15,immediatelyfast,5ZwdcRci,304946,D:\.minecraft\versions\xiaozi craft 26.1.2\mods\ImmediatelyFast-Fabric-1.15.2+26.1.2.jar
GlitchCore-fabric-26.1.2-26.1.2.0.2.jar,GlitchCore,26.1.2.0.2,2026/05/19 上午 1:12:46,glitchcore,s3dmwKy5,334853,D:\.minecraft\versions\xiaozi craft 26.1.2\mods\GlitchCore-fabric-26.1.2-26.1.2.0.2.jar
freecam-fabric-1.4.0-rc.1+mc26.1.2.jar,Freecam,1.4.0-rc.1,2026/05/27 上午 6:23:29,freecam,XeEZ3fK2,1128888,D:\.minecraft\versions\xiaozi craft 26.1.2\mods\freecam-fabric-1.4.0-rc.1+mc26.1.2.jar
framework-fabric-26.1.2-0.13.23.jar,,0.13.23,,framework,,1801074,D:\.minecraft\versions\xiaozi craft 26.1.2\mods\framework-fabric-26.1.2-0.13.23.jar
ForgeConfigAPIPort-v26.1.4-mc26.1.x-Fabric.jar,Forge Config API Port,26.1.4,2026/04/26 下午 5:45:11,forgeconfigapiport,ohNO6lps,609813,D:\.minecraft\versions\xiaozi craft 26.1.2\mods\ForgeConfigAPIPort-v26.1.4-mc26.1.x-Fabric.jar
FastItemFrames-v26.1.0-mc26.1.x-Fabric.jar,Fast Item Frames,26.1.0,2026/04/27 上午 4:22:28,fastitemframes,FsoeTIV0,99721,D:\.minecraft\versions\xiaozi craft 26.1.2\mods\FastItemFrames-v26.1.0-mc26.1.x-Fabric.jar
fancymenu_fabric_3.9.1_MC_26.1.1-26.1.2.jar,FancyMenu,3.9.1,2026/05/15 上午 4:35:06,fancymenu,Wq5SjeWM,25764329,D:\.minecraft\versions\xiaozi craft 26.1.2\mods\fancymenu_fabric_3.9.1_MC_26.1.1-26.1.2.jar
fabric-language-kotlin-1.13.12+kotlin.2.4.0.jar,Fabric Language Kotlin,1.13.12+kotlin.2.4.0,2026/06/03 下午 6:40:44,fabric-language-kotlin,Ha28R6CL,8076848,D:\.minecraft\versions\xiaozi craft 26.1.2\mods\fabric-language-kotlin-1.13.12+kotlin.2.4.0.jar
fabric-api-0.150.0+26.1.2.jar,Fabric API,0.150.0+26.1.2,2026/05/28 下午 4:35:15,fabric-api,P7dR8mSH,2496495,D:\.minecraft\versions\xiaozi craft 26.1.2\mods\fabric-api-0.150.0+26.1.2.jar
EuphoriaPatcher-1.9.3-r5.8.1-fabric.jar,Euphoria Patches,,2026/06/01 上午 6:11:50,,4H6sumDB,4296552,D:\.minecraft\versions\xiaozi craft 26.1.2\mods\EuphoriaPatcher-1.9.3-r5.8.1-fabric.jar
do_a_barrel_roll-fabric-3.8.4+26.1.jar,Do a Barrel Roll,3.8.4,2026/04/11 上午 5:04:20,do_a_barrel_roll,6FtRfnLg,470415,D:\.minecraft\versions\xiaozi craft 26.1.2\mods\do_a_barrel_roll-fabric-3.8.4+26.1.jar
debugify-26.1.2.2.jar,Debugify,26.1.2.2,2026/04/11 上午 4:35:54,debugify,QwxR6Gcd,364980,D:\.minecraft\versions\xiaozi craft 26.1.2\mods\debugify-26.1.2.2.jar
cwb-4.0.6+26.1.jar,Cubes Without Borders,4.0.6+26.1,2026/06/03 下午 11:20:56,cwb,ETlrkaYF,89112,D:\.minecraft\versions\xiaozi craft 26.1.2\mods\cwb-4.0.6+26.1.jar
CreativeCore_FABRIC_v2.14.16_mc26.1.2.jar,CreativeCore,2.14.16,2026/05/22 下午 7:50:47,creativecore,OsZiaDHq,1415484,D:\.minecraft\versions\xiaozi craft 26.1.2\mods\CreativeCore_FABRIC_v2.14.16_mc26.1.2.jar
continuity-3.0.1-beta.2+26.1.jar,Continuity,3.0.1-beta.2+26.1,2026/04/10 上午 6:31:30,continuity,1IjD5062,1040001,D:\.minecraft\versions\xiaozi craft 26.1.2\mods\continuity-3.0.1-beta.2+26.1.jar
collective-26.1.2-8.22.jar,Collective,8.22,2026/05/01 下午 10:13:13,collective,e0M1UDsY,965770,D:\.minecraft\versions\xiaozi craft 26.1.2\mods\collective-26.1.2-8.22.jar
cicada-lib-0.15.1+26.1.jar,CICADA,0.15.1+26.1,2026/04/12 上午 1:25:58,cicada,IwCkru1D,360406,D:\.minecraft\versions\xiaozi craft 26.1.2\mods\cicada-lib-0.15.1+26.1.jar
caxton-fabric-26.1.2-1.0.0-alpha.6.jar,Caxton,1.0.0-alpha.6,2026/06/05 下午 12:05:58,caxton,k8iIgzXE,5301225,D:\.minecraft\versions\xiaozi craft 26.1.2\mods\caxton-fabric-26.1.2-1.0.0-alpha.6.jar
camerautils-fabric-1.1.2+26.1.2.jar,Camera Utils,1.1.2+26.1.2,2026/04/10 下午 9:54:44,camerautils,rrwQMaWQ,350968,D:\.minecraft\versions\xiaozi craft 26.1.2\mods\camerautils-fabric-1.1.2+26.1.2.jar
balm-fabric-26.1.2-26.1.2.6.jar,Balm,26.1.2.6,2026/05/08 下午 2:29:56,balm,MBAkmtvl,1052063,D:\.minecraft\versions\xiaozi craft 26.1.2\mods\balm-fabric-26.1.2-26.1.2.6.jar
BadOptimizations-2.4.1-26.1-fabric.jar,BadOptimizations,2.4.1,2026/03/29 下午 12:40:54,badoptimizations,g96Z4WVZ,61928,D:\.minecraft\versions\xiaozi craft 26.1.2\mods\BadOptimizations-2.4.1-26.1-fabric.jar
async-fabric-0.2.2+alpha-26.1.2.jar,Async,0.2.2+alpha-26.1.2,2026/04/10 上午 2:27:54,async,vEC2jm6I,719082,D:\.minecraft\versions\xiaozi craft 26.1.2\mods\async-fabric-0.2.2+alpha-26.1.2.jar
anvianslib-fabric-26.1-1.4.1.jar,Anvian's Lib,1.4.1,2026/05/08 下午 1:59:21,anvianslib,PuTjrq4T,28133,D:\.minecraft\versions\xiaozi craft 26.1.2\mods\anvianslib-fabric-26.1-1.4.1.jar
AmbientSounds_FABRIC_v6.3.6_mc26.1.2.jar,自然音效 (AmbientSounds),6.3.6,2026/04/24 下午 7:08:11,ambientsounds,fM515JnW,84827805,D:\.minecraft\versions\xiaozi craft 26.1.2\mods\AmbientSounds_FABRIC_v6.3.6_mc26.1.2.jar
almanac-1.26.x-fabric-1.6.2.1.jar,Almanac,1.6.2,2026/04/19 下午 5:46:51,almanac,Gi02250Z,1028776,D:\.minecraft\versions\xiaozi craft 26.1.2\mods\almanac-1.26.x-fabric-1.6.2.1.jar
[Reese的钠视频界面] reeses-sodium-options-fabric-2.0.5+mc26.1.1.jar,Reese的钠视频界面 (Reese's Sodium Options),2.0.5+mc26.1.1,2026/04/04 下午 3:17:24,reeses-sodium-options,Bh37bMuy,103481,D:\.minecraft\versions\xiaozi craft 26.1.2\mods\[Reese的钠视频界面] reeses-sodium-options-fabric-2.0.5+mc26.1.1.jar
[MrCrayfish 的家具：重制] refurbished_furniture-fabric-26.1.2-1.0.23.jar,,1.0.23,,refurbished_furniture,,7260140,D:\.minecraft\versions\xiaozi craft 26.1.2\mods\[MrCrayfish 的家具：重制] refurbished_furniture-fabric-26.1.2-1.0.23.jar
[Macaw的屋顶] mcw-roofs-2.3.2-mc26.1fabric.jar,Macaw的屋顶 (Macaw's Roofs),2.3.2,2026/03/27 上午 4:38:40,mcwroofs,B8jaH3P1,1925079,D:\.minecraft\versions\xiaozi craft 26.1.2\mods\[Macaw的屋顶] mcw-roofs-2.3.2-mc26.1fabric.jar
[Macaw的桥梁] mcw-bridges-3.1.2-mc26.1fabric.jar,Macaw的桥梁 (Macaw's Bridges),3.1.2,2026/03/25 下午 4:26:43,mcwbridges,GURcjz8O,719848,D:\.minecraft\versions\xiaozi craft 26.1.2\mods\[Macaw的桥梁] mcw-bridges-3.1.2-mc26.1fabric.jar
[Macaw的楼梯与露台] mcw-stairs-1.0.2-mc26.1fabric.jar,Macaw的楼梯与露台 (Macaw's Stairs),1.0.2,2026/03/25 下午 6:48:06,mcwstairs,iP3wH1ha,568238,D:\.minecraft\versions\xiaozi craft 26.1.2\mods\[Macaw的楼梯与露台] mcw-stairs-1.0.2-mc26.1fabric.jar
[Macaw的家具] mcw-furniture-3.4.2-mc26.1fabric.jar,Macaw的家具 (Macaw's Furniture),3.4.2,2026/04/14 下午 6:34:25,mcwfurnitures,dtWC90iB,2386998,D:\.minecraft\versions\xiaozi craft 26.1.2\mods\[Macaw的家具] mcw-furniture-3.4.2-mc26.1fabric.jar
[Macaw的画] mcw-paintings-1.1.0-mc26.1fabric.jar,Macaw的画 (Macaw's Paintings),1.1.0,2026/03/30 下午 7:08:03,mcwpaintings,okE6QVAY,186774,D:\.minecraft\versions\xiaozi craft 26.1.2\mods\[Macaw的画] mcw-paintings-1.1.0-mc26.1fabric.jar
[Macaw的灯] mcw-lights-1.1.5-mc26.1fabric.jar,Macaw的灯 (Macaw's Lights and Lamps),1.1.5,2026/03/27 上午 12:47:12,mcwlights,w4an97C2,545996,D:\.minecraft\versions\xiaozi craft 26.1.2\mods\[Macaw的灯] mcw-lights-1.1.5-mc26.1fabric.jar
[Macaw 的小径和路面] mcw-paths-1.1.1-mc26.1fabric.jar,Macaw 的小径和路面 (Macaw's Paths and Pavings),1.1.1,2026/03/27 上午 1:42:42,mcwpaths,VRLhWB91,815167,D:\.minecraft\versions\xiaozi craft 26.1.2\mods\[Macaw 的小径和路面] mcw-paths-1.1.1-mc26.1fabric.jar
[Macaw 的门] mcw-doors-1.1.5-mc26.1fabric.jar,Macaw 的门 (Macaw's Doors),1.1.5,2026/03/27 上午 2:07:47,mcwdoors,kNxa8z3e,1448384,D:\.minecraft\versions\xiaozi craft 26.1.2\mods\[Macaw 的门] mcw-doors-1.1.5-mc26.1fabric.jar
[Macaw 的活板门] mcw-trapdoors-1.1.5-mc26.1fabric.jar,Macaw 的活板门 (Macaw's Trapdoors),1.1.5,2026/03/25 下午 6:33:58,mcwtrpdoors,n2fvCDlM,641239,D:\.minecraft\versions\xiaozi craft 26.1.2\mods\[Macaw 的活板门] mcw-trapdoors-1.1.5-mc26.1fabric.jar
[Macaw 的窗户] mcw-windows-2.4.2-mc26.1fabric.jar,Macaw 的窗户 (Macaw's Windows),2.4.2,2026/03/27 上午 4:38:59,mcwwindows,C7I0BCni,1402299,D:\.minecraft\versions\xiaozi craft 26.1.2\mods\[Macaw 的窗户] mcw-windows-2.4.2-mc26.1fabric.jar
[Lambd的动态光源] lambdynamiclights-4.10.2+26.1.2.jar,Lambd的动态光源 (LambDynamicLights),4.10.2+26.1.2,2026/04/21 上午 5:44:47,lambdynlights,yBW8D80W,1336717,D:\.minecraft\versions\xiaozi craft 26.1.2\mods\[Lambd的动态光源] lambdynamiclights-4.10.2+26.1.2.jar
[JEI物品管理器] jei-26.1.2-fabric-29.6.2.31.jar,JEI物品管理器 (Just Enough Items),29.6.2.31,2026/05/18 下午 9:29:42,jei,u6dRKJwZ,1513607,D:\.minecraft\versions\xiaozi craft 26.1.2\mods\[JEI物品管理器] jei-26.1.2-fabric-29.6.2.31.jar
[C^2M 引擎] c2me-fabric-mc26.1.2-0.4.0-alpha.0.4.jar,C^2M 引擎 (C^2M-Engine/Concurrent Chunk Management Engine),0.4.0-alpha.0.4+26.1.2,2026/06/05 下午 4:32:50,c2me,VSNURh3q,3775461,D:\.minecraft\versions\xiaozi craft 26.1.2\mods\[C^2M 引擎] c2me-fabric-mc26.1.2-0.4.0-alpha.0.4.jar
[自定义游戏加载界面] drippyloadingscreen_fabric_3.1.3_MC_26.1.1-26.1.2.jar,自定义游戏加载界面 (Drippy Loading Screen),3.1.3,2026/05/16 上午 2:31:24,drippyloadingscreen,v3CYg2V9,295199,D:\.minecraft\versions\xiaozi craft 26.1.2\mods\[自定义游戏加载界面] drippyloadingscreen_fabric_3.1.3_MC_26.1.1-26.1.2.jar
[预生成区块] Chunky-Fabric-1.5.3.jar,预生成区块 (Chunky),1.5.3,2026/05/04 下午 1:47:16,chunky,fALzjamp,354095,D:\.minecraft\versions\xiaozi craft 26.1.2\mods\[预生成区块] Chunky-Fabric-1.5.3.jar
[亚克力窗口] acrylic-fabric-1.8.1+26.1.jar,亚克力窗口 (AcryliCraft),1.8.1,2026/05/06 下午 9:00:28,acrylic,p0OGmP57,119133,D:\.minecraft\versions\xiaozi craft 26.1.2\mods\[亚克力窗口] acrylic-fabric-1.8.1+26.1.jar
[席地而坐] sit-fabric-26.1.1-1.5.1.jar,席地而坐 (Sit),1.5.1,2026/04/07 上午 4:04:53,sit,VKXzIykF,71100,D:\.minecraft\versions\xiaozi craft 26.1.2\mods\[席地而坐] sit-fabric-26.1.1-1.5.1.jar
[物理声效重制版] sound-physics-remastered-fabric-1.5.1+26.1.2.jar,物理声效重制版 (Sound Physics Remastered),1.5.1+26.1.2,2026/04/10 下午 1:16:45,sound_physics_remastered,qyVF9oeo,201734,D:\.minecraft\versions\xiaozi craft 26.1.2\mods\[物理声效重制版] sound-physics-remastered-fabric-1.5.1+26.1.2.jar
[万用皮肤补丁] CustomSkinLoader_Universal-14.28.jar,万用皮肤补丁 (CustomSkinLoader),14.28,2026/04/05 下午 7:55:19,customskinloader,idMHQ4n2,191666,D:\.minecraft\versions\xiaozi craft 26.1.2\mods\[万用皮肤补丁] CustomSkinLoader_Universal-14.28.jar
[投影] litematica-fabric-26.1.2-0.27.6.jar,投影 (Litematica),0.27.6,2026/05/22 上午 11:40:38,litematica,bEpr0Arc,1843952,D:\.minecraft\versions\xiaozi craft 26.1.2\mods\[投影] litematica-fabric-26.1.2-0.27.6.jar
[通用附魔] UniversalEnchants-v26.1.0-mc26.1.x-Fabric.jar,通用附魔 (Universal Enchants),26.1.0,2026/04/28 下午 3:46:00,universalenchants,DT56YDir,150316,D:\.minecraft\versions\xiaozi craft 26.1.2\mods\[通用附魔] UniversalEnchants-v26.1.0-mc26.1.x-Fabric.jar
[树叶渲染优化] cullleaves-fabric-4.1.2+26.1.jar,树叶渲染优化 (Cull Leaves),4.1.2,2026/03/29 上午 1:36:24,cullleaves,GNxdLCoP,92488,D:\.minecraft\versions\xiaozi craft 26.1.2\mods\[树叶渲染优化] cullleaves-fabric-4.1.2+26.1.jar
[鼠标手势] MouseTweaks-fabric-mc26.1-2.31.jar,鼠标手势 (Mouse Tweaks),2.31,2026/03/29 下午 9:39:14,mousetweaks,aC3cM3Vq,75833,D:\.minecraft\versions\xiaozi craft 26.1.2\mods\[鼠标手势] MouseTweaks-fabric-mc26.1-2.31.jar
[输入法冲突修复] IMBlocker-7.1.5-fabric-26.1+.jar,输入法冲突修复 (IMBlocker),7.1.5,2026/05/30 下午 1:28:16,imblocker,WMDesFsZ,154396,D:\.minecraft\versions\xiaozi craft 26.1.2\mods\[输入法冲突修复] IMBlocker-7.1.5-fabric-26.1+.jar
[拾取提示] PickUpNotifier-v26.1.1-mc26.1.x-Fabric.jar,拾取提示 (Pick Up Notifier),26.1.1,2026/04/28 下午 6:27:11,pickupnotifier,ZX66K16c,76693,D:\.minecraft\versions\xiaozi craft 26.1.2\mods\[拾取提示] PickUpNotifier-v26.1.1-mc26.1.x-Fabric.jar
[实体渲染机制优化] entityculling-fabric-1.10.2-mc26.1.jar,实体渲染机制优化 (Entity Culling),1.10.2,2026/05/08 上午 1:02:21,entityculling,NNAgCjsB,1582129,D:\.minecraft\versions\xiaozi craft 26.1.2\mods\[实体渲染机制优化] entityculling-fabric-1.10.2-mc26.1.jar
[实体纹理特性] entity_texture_features_26.1-fabric-7.1.jar,实体纹理特性 (Entity Texture Features),,2026/04/15 下午 9:07:14,,BVzZfTc1,740706,D:\.minecraft\versions\xiaozi craft 26.1.2\mods\[实体纹理特性] entity_texture_features_26.1-fabric-7.1.jar
[实体模型特性] entity_model_features-3.2.4-26.1-fabric.jar,实体模型特性 (Entity Model Features),,2026/05/09 下午 11:21:51,,4I1XuqiY,577617,D:\.minecraft\versions\xiaozi craft 26.1.2\mods\[实体模型特性] entity_model_features-3.2.4-26.1-fabric.jar
[潜影盒提示框] shulkerboxtooltip-fabric-5.2.18+26.1.jar,潜影盒提示框 (Shulker Box Tooltip),5.2.18+26.1,2026/03/31 上午 6:02:58,shulkerboxtooltip,2M01OLQq,388301,D:\.minecraft\versions\xiaozi craft 26.1.2\mods\[潜影盒提示框] shulkerboxtooltip-fabric-5.2.18+26.1.jar
[配置界面] configured-fabric-26.1.2-2.7.5.jar,,2.7.5,,configured,,410915,D:\.minecraft\versions\xiaozi craft 26.1.2\mods\[配置界面] configured-fabric-26.1.2-2.7.5.jar
[农夫乐事：重织] FarmersDelight-26.1-3.6.5+refabricated.jar,农夫乐事：重织 (Farmer's Delight Refabricated),26.1-3.6.5+refabricated,2026/05/16 下午 1:11:32,farmersdelight,7vxePowz,3307395,D:\.minecraft\versions\xiaozi craft 26.1.2\mods\[农夫乐事：重织] FarmersDelight-26.1-3.6.5+refabricated.jar
[钠] sodium-fabric-0.8.12+mc26.1.2.jar,钠 (Sodium),0.8.12+mc26.1.2,2026/05/19 上午 6:12:28,sodium,AANobbMI,1844226,D:\.minecraft\versions\xiaozi craft 26.1.2\mods\[钠] sodium-fabric-0.8.12+mc26.1.2.jar
[钠 · 土径阴影] sodium-shadowy-path-blocks-fabric-7.0.0.jar,钠 · 土径阴影 (Sodium Shadowy Path Blocks),7.0.0,2026/04/01 上午 10:14:35,sspb,EIa1eiMm,67690,D:\.minecraft\versions\xiaozi craft 26.1.2\mods\[钠 · 土径阴影] sodium-shadowy-path-blocks-fabric-7.0.0.jar
[钠 · 扩展] sodium-extra-fabric-0.8.7+mc26.1.1.jar,钠 · 扩展 (Sodium Extra),0.8.7+mc26.1.1,2026/04/10 上午 10:41:38,sodium-extra,PtjYWJkn,401602,D:\.minecraft\versions\xiaozi craft 26.1.2\mods\[钠 · 扩展] sodium-extra-fabric-0.8.7+mc26.1.1.jar
[聊天动画] chatanimation-fabric-26.1-1.1.3.jar,聊天动画 (ChatAnimation),1.1.3,2026/04/03 下午 6:21:39,chatanimation,DnNYdJsx,381984,D:\.minecraft\versions\xiaozi craft 26.1.2\mods\[聊天动画] chatanimation-fabric-26.1-1.1.3.jar
[聊动魅影] ChatImpressiveAnimation-fabric-1.6.0+mc26.1.x.jar,聊动魅影 (Chat Impressive Animation),1.6.0+mc26.1.2,2026/04/19 下午 4:41:15,chatimpressiveanimation,DnL1AGAI,63411,D:\.minecraft\versions\xiaozi craft 26.1.2\mods\[聊动魅影] ChatImpressiveAnimation-fabric-1.6.0+mc26.1.x.jar
[锂] lithium-fabric-0.24.5+mc26.1.2.jar,锂 (Lithium),0.24.5+mc26.1.2,2026/06/04 下午 10:42:18,lithium,gvQqBUqZ,906049,D:\.minecraft\versions\xiaozi craft 26.1.2\mods\[锂] lithium-fabric-0.24.5+mc26.1.2.jar
[快速退出] fastquit-3.1.4+mc26.1.x.jar,快速退出 (FastQuit),3.1.4+mc26.1.x,2026/05/24 下午 2:06:59,fastquit,x1hIzbuY,61514,D:\.minecraft\versions\xiaozi craft 26.1.2\mods\[快速退出] fastquit-3.1.4+mc26.1.x.jar
[氪] krypton-0.3.0.jar,氪 (Krypton),0.3.0,2026/04/22 上午 5:42:30,krypton,fQEb0iXm,268664,D:\.minecraft\versions\xiaozi craft 26.1.2\mods\[氪] krypton-0.3.0.jar
[客户端微调] clienttweaks-fabric-26.1.2-26.1.2.3.jar,客户端微调 (Client Tweaks),26.1.2.3,2026/05/01 下午 2:44:00,clienttweaks,vPNqo58Q,273661,D:\.minecraft\versions\xiaozi craft 26.1.2\mods\[客户端微调] clienttweaks-fabric-26.1.2-26.1.2.3.jar
[可视性] visuality-0.7.13+26.1.jar,可视性 (Visuality),0.7.13+26.1,2026/03/27 下午 4:44:34,visuality,rI0hvYcd,82146,D:\.minecraft\versions\xiaozi craft 26.1.2\mods\[可视性] visuality-0.7.13+26.1.jar
[脚步声] PresenceFootsteps-1.13.0+26.1.jar,脚步声 (Presence Footsteps),1.13.0+26.1,2026/04/15 上午 1:49:40,presencefootsteps,rcTfTZr3,5744804,D:\.minecraft\versions\xiaozi craft 26.1.2\mods\[脚步声] PresenceFootsteps-1.13.0+26.1.jar
[简易附魔台] EasyMagic-v26.1.0-mc26.1.x-Fabric.jar,简易附魔台 (Easy Magic),26.1.0,2026/04/28 下午 8:31:03,easymagic,9hx3AbJM,124620,D:\.minecraft\versions\xiaozi craft 26.1.2\mods\[简易附魔台] EasyMagic-v26.1.0-mc26.1.x-Fabric.jar
[火花] spark-1.10.172-fabric.jar,火花 (spark),1.10.172,2026/03/26 下午 4:29:59,spark,l6YH9Als,3887184,D:\.minecraft\versions\xiaozi craft 26.1.2\mods\[火花] spark-1.10.172-fabric.jar
[更好的统计信息界面] betterstats-5.2.1+fn-26.1.jar,更好的统计信息界面 (Better Statistics Screen),5.2.1+fabric-26.1,2026/04/04 上午 1:28:29,betterstats,n6PXGAoM,314461,D:\.minecraft\versions\xiaozi craft 26.1.2\mods\[更好的统计信息界面] betterstats-5.2.1+fn-26.1.jar
[更好的草地] BetterGrassify-1.8.6+fabric.26.1.2.jar,更好的草地 (BetterGrassify),,2026/04/21 下午 11:41:05,,m5T5xmUy,87251,D:\.minecraft\versions\xiaozi craft 26.1.2\mods\[更好的草地] BetterGrassify-1.8.6+fabric.26.1.2.jar
[更高级联机设置] mcwifipnp-1.9.8-26.1-fabric.jar,更高级联机设置 (LAN World Plug-n-Play),1.9.8,2026/03/27 下午 7:13:40,mcwifipnp,RTWpcTBp,128894,D:\.minecraft\versions\xiaozi craft 26.1.2\mods\[更高级联机设置] mcwifipnp-1.9.8-26.1-fabric.jar
[更多聊天记录] morechathistory-2.0.0.jar,更多聊天记录 (More Chat History),2.0.0,2026/03/25 上午 5:14:04,morechathistory,8qkXwOnk,3773,D:\.minecraft\versions\xiaozi craft 26.1.2\mods\[更多聊天记录] morechathistory-2.0.0.jar
[高清截图Fabric] fabrishot-1.17.0.jar,高清截图Fabric (Fabrishot),1.17.0,2026/04/22 下午 5:05:17,fabrishot,3qsfQtE9,51128,D:\.minecraft\versions\xiaozi craft 26.1.2\mods\[高清截图Fabric] fabrishot-1.17.0.jar
[附魔描述] EnchantmentDescriptions-fabric-MC26.1.2-26.1.2.3.jar,附魔描述 (Enchantment Descriptions),26.1.2.3,2026/06/04 上午 3:41:51,enchdesc,UVtY3ZAC,80265,D:\.minecraft\versions\xiaozi craft 26.1.2\mods\[附魔描述] EnchantmentDescriptions-fabric-MC26.1.2-26.1.2.3.jar
[动态 FPS] dynamic-fps-3.11.7+minecraft-26.1.0-fabric.jar,动态 FPS (Dynamic FPS),3.11.7,2026/05/28 下午 6:43:36,dynamic_fps,LQ3K71Q1,187418,D:\.minecraft\versions\xiaozi craft 26.1.2\mods\[动态 FPS] dynamic-fps-3.11.7+minecraft-26.1.0-fabric.jar
[存档置顶] cherishedworlds-fabric-16.0.0+26.1.2.jar,存档置顶 (Cherished Worlds),16.0.0+26.1.2,2026/04/29 下午 1:58:27,cherishedworlds,3azQ6p0W,588256,D:\.minecraft\versions\xiaozi craft 26.1.2\mods\[存档置顶] cherishedworlds-fabric-16.0.0+26.1.2.jar
[创世神] worldedit-mod-7.4.3.jar,创世神 (WorldEdit),7.4.3+7515-78babeb,2026/05/04 下午 7:31:48,worldedit,1u6JkXh5,5215216,D:\.minecraft\versions\xiaozi craft 26.1.2\mods\[创世神] worldedit-mod-7.4.3.jar
[超多生物群系] BiomesOPlenty-fabric-26.1.2-26.1.2.0.11.jar,,26.1.2.0.11,,biomesoplenty,,23077670,D:\.minecraft\versions\xiaozi craft 26.1.2\mods\[超多生物群系] BiomesOPlenty-fabric-26.1.2-26.1.2.0.11.jar
[边拿边走] InvMove-0.9.4+26.1-Fabric.jar,边拿边走 (InvMove),0.9.4,2026/05/25 下午 2:35:51,invmove,REfW2AEX,83875,D:\.minecraft\versions\xiaozi craft 26.1.2\mods\[边拿边走] InvMove-0.9.4+26.1-Fabric.jar
[边划边看] boatiview-fabric-0.0.9-26.1.jar,边划边看 (Boat Item View),0.0.9,2026/03/29 下午 7:19:07,boatiview,BdKIyOLe,1037710,D:\.minecraft\versions\xiaozi craft 26.1.2\mods\[边划边看] boatiview-fabric-0.0.9-26.1.jar
[崩溃优化] notenoughcrashes-fabric-4.4.9+26.1.2.jar,崩溃优化 (Not Enough Crashes),4.4.9+26.1.2,2026/05/24 下午 4:20:27,notenoughcrashes,yM94ont6,604243,D:\.minecraft\versions\xiaozi craft 26.1.2\mods\[崩溃优化] notenoughcrashes-fabric-4.4.9+26.1.2.jar